label,input_sha256,length_nt,mfe_kcal_mol,mfe_per_nt,structure_sha256,interpretation
forward_A_rbs_integrase,8d3ba29a5f31e5c5e5827b3c3c431a3dc96040bf8081d81d86b8d8ea75fc97f6,204,-81.69999694824219,-0.4004901811188343,cc6b8c22e8342dd7d24c2c81e161d51dacd4ab39a05cefde624a62210daaafc0,relative translation-initiation-window flag only
forward_B_rbs_integrase,218cc241e5ed2b8e12275f1293aa1fac1dee29431a347a70556e01ebd55c192a,204,-73.80000305175781,-0.36176472084195005,a114af06fd8a8afd59153ac41624c79f16376751834785473373609948c42693,relative translation-initiation-window flag only
forward_C_rbs_integrase,d7d2eaa5ad67d5402852f045e808cf85e022f9433658c7fc494556d2d19f5853,204,-42.900001525878906,-0.21029412512685738,ac48232383d75adcaf9c9558a3e95898eb98042602486aa4900b1cd121539624,relative translation-initiation-window flag only
reverse_A_rbs_integrase,8c3576f85780ab82f8682d87d6ab98d596013225fabe5b629b761cb12f31672b,204,-83.5,-0.40931372549019607,564eff0b5e7cbd12384f3d643224c369a420f75181896ef1b38d9896896d7c3f,relative translation-initiation-window flag only
reverse_A_rbs_rdf,e6a9aa8402c4b1e4a811395807382727451789eacdb6e6a46b29b5de2556c93c,204,-81.69999694824219,-0.4004901811188343,f2de221c7fab42e5d802e7be5dd7735800176c9de23cc066e0c6e110fe658ab0,relative translation-initiation-window flag only
reverse_B_rbs_integrase,8750adcad9d4c3560854095ef77d3948ff0471d15188e616e5a060d4c0fb82e2,204,-77.4000015258789,-0.3794117721856809,0749be5e2b110e7a51a34b6f5518d5e616b5ad5d4a469b9a770e7797ea37dc7c,relative translation-initiation-window flag only
reverse_B_rbs_rdf,4f48950171ae8bf30f45a9ddd8867c06b06072cea00b60b66d0027346c26ac5a,204,-64.69999694824219,-0.3171568477855009,bc6169b11c01bda9209dd822630e6b81664b6d68147c9284e55511890cf9ce42,relative translation-initiation-window flag only
reverse_C_rbs_integrase,618748070f1a8470c9eac47462bfd400fe28cf364a1c50c055243886d5989bb1,204,-40.29999923706055,-0.19754901586794385,7a7b960a9b0b8b506dde3cc2f2230ebba0ea14b96ffc76fec5fd7d90b258057a,relative translation-initiation-window flag only
reverse_C_rbs_rdf,e1ebfdb4d8f65b475b5bc35ec4af4b4be7aa8735a502111aa45e481fcbcbfef5,204,-42.099998474121094,-0.20637254153980927,e56019f6881ee7de1561f779abcee938b319f996b6c84b41ef136894a80a6643,relative translation-initiation-window flag only
